journal,issn,ajg_rank,ft50
Accounting Review,1558-7967,4*,1
"Accounting, Organizations and Society",1873-6289,4*,1
Journal of Accounting and Economics,1879-1980,4*,1
Journal of Accounting Research,1475-679X,4*,1
Contemporary Accounting Research,1911-3846,4,1
Review of Accounting Studies,1573-7136,4,1
Abacus,1467-6281,3,0
Accounting and Business Research,2159-4260,3,0
Accounting Forum,1467-6303,3,0
Accounting Horizons,1558-7975,3,0
"Accounting, Auditing and Accountability Journal",1758-4205,3,0
Auditing,1558-7991,3,0
Behavioral Research in Accounting,1558-8009,3,0
British Accounting Review,1095-8347,3,0
British Tax Review,0007-1870,3,0
Critical Perspectives on Accounting,1095-9955,3,0
European Accounting Review,1468-4497,3,0
Financial Accountability and Management,1468-0408,3,0
Foundations and Trends in Accounting,1554-0650,3,0
International Journal of Accounting,1094-4060,3,0
Journal of Accounting and Public Policy,1873-2070,3,0
Journal of Accounting Literature,0737-4607,3,0
"Journal of Accounting, Auditing and Finance",0148-558X,3,0
Journal of Business Finance and Accounting,1468-5957,3,0
Journal of Financial Reporting,,3,
"Journal of International Accounting, Auditing and Taxation",1061-9518,3,0
Journal of the American Taxation Association,1558-8017,3,0
Management Accounting Research,1096-1224,3,0
Accounting and Finance,1467-629X,2,0
Accounting and the Public Interest,1530-9320,2,0
Accounting in Europe,1744-9499,2,0
Accounting Research Journal,1030-9616,2,0
"Accounting, Economics and Law: A Convivium",2152-2820,2,0
Advances in Accounting,1046-5715,2,0
Advances in Accounting Behavioral Research,1475-1488,2,0
Advances in Management Accounting,1474-7871,2,0
Advances in Taxation,1058-7497,2,0
Asia-Pacific Journal of Accounting and Economics,2164-2257,2,0
Asian Review of Accounting,1758-8863,2,0
Australian Accounting Review,1835-2561,2,0
China Journal of Accounting Research,1755-3091,2,0
Current Issues in Auditing,1936-1270,2,0
International Journal of Accounting and Information Management,1758-9037,2,0
"IInntteerrnnaattiioonnaall JJoouurrnnaall ooff AAccccoouunnttiinngg ,I Anfuodrimtinagt iaonnd S yPestrefomrmsance",,2,
Evaluation,1461-7153,2,0
International Journal of Auditing,1099-1123,2,0
International Journal of Disclosure and Governance,1746-6539,2,0
International Journal of Managerial and Financial Accounting,1753-6723,2,0
Journal of Accounting and Organizational Change,1832-5912,2,0
Journal of Accounting in Emerging Economies,2042-1176,2,0
Journal of Applied Accounting Research,0967-5426,2,0
Journal of Contemporary Accounting and Economics,1815-5669,2,0
Journal of Forensic Accounting Research,,2,
Journal of International Accounting Research,1558-8025,2,0
Journal of International Financial Management and Accounting,1467-646X,2,0
Journal of Management Accounting Research,1558-8033,2,0
Journal of Management Control,2191-477X,2,0
"Journal of Public Budgeting, Accounting and Financial Management",1945-1814,2,0
Journal of Tax Administration,2059-190X,2,0
Managerial Auditing Journal,1758-7735,2,0
Qualitative Research in Accounting and Management,1758-7654,2,0
"Sustainability Accounting, Management and Policy Journal",2040-803X,2,0
"Accounting, Finance & Governance Review",0791-9638,1,0
Advances in Environmental Accounting and Management,1479-3598,1,0
Advances in Public Interest Accounting,1041-7060,1,0
"African Journal of Accounting, Auditing and Finance",,1,
Asian Journal of Accounting Research,,1,
ATA Journal of Legal Tax Research,1543-866X,1,0
"Australasian Accounting, Business and Finance Journal",1834-2019,1,0
China Journal of Accounting Studies,2169-7221,1,0
Comptabilite Controle Audit,1262-2788,1,0
EDPACS,1936-1009,1,0
International Journal of Critical Accounting,1757-9856,1,0
Journal of Accounting and Management Information Systems,2559-6004,1,0
JJoouurrnnaall ooff AFoccreonusnitci nagn da nIndv Teasxtaigtaiotnive Accounting (previously Journal,,1,
of Forensic Accounting),,1,
Journal of Governmental & Non-Profit Accounting,2155-3815,1,0
Journal of Information Systems,1558-7959,1,0
Journal of Islamic Accounting and Business Research,1759-0817‎,1,0
Management Accounting Frontiers,2209-038X,1,0
Meditari Accountancy Research,2049-3738,1,0
Pacific Accounting Review,2041-5494,1,0
Research on Professional Responsibility and Ethics in Accounting,1574-0765,1,0
Revista Contabilidade & Finanças,,1,
Revista de Contabilidad-Spanish Accounting Review,1988-4672,1,0
Revista Espanola de Financiacion y Contabilidad,2332-0753,1,0
Social and Environmental Accountability Journal,2156-2245,1,0
South African Journal of Accounting Research,2376-3981,1,0
World Tax Journal,2352-9237,1,0
Business History,1743-7938,4,0
Business History Review,2044-768X,4,0
Economic History Review,1468-0289,4,0
Enterprise and Society,1467-2235,3,0
European Review of Economic History,1474-0044,3,0
Explorations in Economic History,1090-2457,3,0
Journal of Economic History,1471-6372,3,0
Accounting Historians Journal,2327-4468,2,0
Accounting History,1749-3374,2,0
Accounting History Review,2155-286X,2,0
Australian Economic History Review,1467-8446,2,0
Cliometrica,1863-2513,2,0
Economic History of Developing Regions,,2,
Entreprises et Histoire,1161-2770,2,0
Essays in Economic and Business History,0896-226X,2,0
European Journal of the History of Economic Thought,1469-5936,2,0
Financial History Review,1474-0052,2,0
Journal of the History of Economic Thought,1469-9656,2,0
Journal of Transport History,1759-3999,2,0
Labor History,1469-9702,2,0
Management and Organizational History,1744-9367,2,0
Historical Studies in Industrial Relations,2049-4459,1,0
Irish Economic and Social History,0332-4893,1,0
Journal of European Economic History,0391-5115,1,0
Journal of Historical Research in Marketing,1755-7518,1,0
Journal of Management History,1758-7751,1,0
Revista de Historia Economica - Journal of Iberian and Latin American,,1,
ESccoanndominaicv Hiaisnt oErcyonomic History Review,,1,
Zeitschrift für Unternehmensgeschichte,2367-2293,1,0
American Economic Review,1944-7981,4*,1
Annals of Statistics,2168-8966,4*,0
Econometrica,1468-0262,4*,1
Journal of Political Economy,1537-534X,4*,1
Quarterly Journal of Economics,1531-4650,4*,1
Review of Economic Studies,1467-937X,4*,1
American Economic Journal: Applied Economics,1945-7790,4,0
American Economic Journal: Macroeconomics,1945-7715,4,0
Biometrika,1464-3510,4,0
Econometric Theory,1469-4360,4,0
Economic Journal,1468-0297,4,0
International Economic Review,1468-2354,4,0
Journal of Business and Economic Statistics,1537-2707,4,0
Journal of Econometrics,1872-6895,4,0
Journal of Economic Literature,2328-8175,4,0
Journal of Economic Perspectives,1944-7965,4,0
Journal of Economic Theory,1095-7235,4,0
Journal of International Economics,1873-0353,4,0
Journal of Labor Economics,1537-5307,4,0
Journal of Monetary Economics,1873-1295,4,0
Journal of the American Statistical Association,1537-274X,4,0
Journal of the European Economic Association,1542-4774,4,0
Journal of the Royal Statistical Society. Series B: Statistical Methodology,1467-9868,4,0
Quantitative Economics,1759-7331,4,0
RAND Journal of Economics,1756-2171,4,0
Review of Economics and Statistics,1530-9142,4,1
Theoretical Economics,1555-7561,4,0
American Economic Journal: Economic Policy,1945-774X,3,0
American Economic Journal: Microeconomics,1945-7685,3,0
American Economic Review: Insights,2640-2068,3,0
American Journal of Agricultural Economics,1467-8276,3,0
Annual Review of Economics,1941-1391,3,0
Brookings Papers on Economic Activity,1533-4465,3,0
Cambridge Journal of Economics,1464-3545,3,0
Canadian Journal of Economics,1540-5982,3,0
Computational Statistics and Data Analysis,1872-7352,3,0
Ecological Economics,1873-6106,3,0
Econometric Reviews,1532-4168,3,0
Econometrics Journal,1368-423X,3,0
Economic Development and Cultural Change,1539-2988,3,0
Economic Inquiry,1465-7295,3,0
Economic Policy,1468-0327,3,0
Economic Theory,1432-0479,3,0
Economica,1468-0335,3,0
Economics Letters,1873-7374,3,0
Energy Economics,1873-6181,3,0
Environmental and Resource Economics,1573-1502,3,0
European Economic Review,1873-572X,3,0
European Review of Agricultural Economics,1464-3618,3,0
Experimental Economics,1573-6938,3,0
Games and Economic Behavior,1090-2473,3,0
Health Economics (United Kingdom),1099-1050,3,0
IMF Economic Review,2041-417X,3,0
International Journal of Industrial Organization,1873-7986,3,0
International Statistical Review,1751-5823,3,0
Journal of Agricultural Economics,1477-9552,3,0
Journal of Applied Econometrics,1099-1255,3,0
Journal of Comparative Economics,1095-7227,3,0
Journal of Computational and Graphical Statistics,1537-2715,3,0
Journal of Development Economics,1872-6089,3,0
Journal of Economic Behavior and Organization,1879-1751,3,0
Journal of Economic Dynamics and Control,1879-1743,3,0
Journal of Economic Growth,1573-7020,3,0
Journal of Environmental Economics and Management,1096-0449,3,0
Journal of Health Economics,1879-1646,3,0
Journal of Human Capital,1932-8664,3,0
Journal of Human Resources,1548-8004,3,0
Journal of Industrial Economics,1467-6451,3,0
Journal of Institutional Economics,1744-1382,3,0
Journal of Law and Economics,1537-5285,3,0
"Journal of Law, Economics, and Organization",1465-7341,3,0
Journal of Legal Studies,1537-5366,3,0
Journal of Mathematical Economics,1873-1538,3,0
Journal of Multivariate Analysis,1095-7243,3,0
Journal of Population Economics,1432-1475,3,0
Journal of Public Economics,0047-2727,3,0
Journal of Risk and Uncertainty,1573-0476,3,0
Journal of the Association of Environmental and Resource,,3,
EJocuornnoaml oisft tshe Royal Statistical Society. Series A: Statistics in Society,,3,
Journal of the Royal Statistical Society. Series C: Applied Statistics,1467-9876,3,0
Journal of Time Series Analysis,1467-9892,3,0
Journal of Urban Economics,1095-9068,3,0
Labour Economics,1879-1034,3,0
Land Economics,1543-8325,3,0
Oxford Bulletin of Economics and Statistics,1468-0084,3,0
Oxford Economic Papers,1464-3812,3,0
Public Choice,1573-7101,3,0
Real Estate Economics,1540-6229,3,0
Review of Economic Dynamics,1096-6099,3,0
Review of Income and Wealth,1475-4991,3,0
Scandinavian Journal of Economics,1467-9442,3,0
Scandinavian Journal of Statistics,1467-9469,3,0
Social Choice and Welfare,1432-217X,3,0
World Bank Economic Review,1564-698X,3,0
Advances in Econometrics,0731-9053,2,0
Agricultural Economics (United Kingdom),1574-0862,2,0
American Journal of Health Economics,,2,
American Law and Economics Review,1465-7260,2,0
Annals of Applied Statistics,1941-7330,2,0
Annals of Economics and Finance,1529-7373,2,0
Annals of Public and Cooperative Economics,1467-8292,2,0
Annual Review of Resource Economics,1941-1359,2,0
Applied Economic Perspectives and Policy,2040-5804,2,0
Applied Economics,1466-4283,2,0
Australian Journal of Agricultural and Resource Economics,1467-8489,2,0
B.E. Journal of Economic Analysis and Policy,1935-1682,2,0
B.E. Journal of Macroeconomics,1935-1690,2,0
B.E. Journal of Theoretical Economics,1935-1704,2,0
Bulletin of Economic Research,1467-8586,2,0
Canadian Journal of Agricultural Economics,1744-7976,2,0
CESifo Economic Studies,1612-7501,2,0
China Economic Review,1873-7781,2,0
Computational Statistics,1613-9658,2,0
Contemporary Economic Policy,1465-7287,2,0
Contributions to Political Economy,1464-3588,2,0
Defence and Peace Economics,1476-8267,2,0
Econ Journal Watch,1933-527X,2,0
Economic Modelling,1873-6122,2,0
Economic Record,1475-4932,2,0
Economic Systems,1878-5433,2,0
Economic Systems Research,1469-5758,2,0
Economic Theory Bulletin,2196-1093,2,0
Economics and Human Biology,1873-6130,2,0
Economics and Philosophy,1474-0028,2,0
Economics and Politics,1468-0343,2,0
Economics of Education Review,1873-7382,2,0
Economics of Innovation and New Technology,1476-8364,2,0
Economics of Transition and Institutional Change,,2,
Empirical Economics,1435-8921,2,0
Environment and Development Economics,1469-4395,2,0
European Journal of Health Economics,1439-6637,2,0
European Journal of Political Economy,1873-5703,2,0
Fiscal Studies,1475-5890,2,0
GENEVA Risk and Insurance Review,1554-9658,2,0
German Economic Review,1468-0475,2,0
History of Political Economy,1527-1919,2,0
Information Economics and Policy,1873-5975,2,0
International Journal of Economic Theory,1742-7363,2,0
International Journal of Game Theory,1432-1270,2,0
International Journal of Health Economics and Management,2199-9031,2,0
International Journal of the Economics of Business,1466-1829,2,0
International Review of Economics and Finance,1873-8036,2,0
International Review of Environmental and Resource Economics,1932-1473,2,0
International Review of Law and Economics,1873-6394,2,0
Journal of African Economies,1464-3723,2,0
Journal of Agrarian Change,1471-0366,2,0
Journal of Agricultural and Resource Economics,2327-8285,2,0
Journal of Applied Probability,1475-6072,2,0
Journal of Applied Statistics,1360-0532,2,0
Journal of Behavioral and Experimental Economics,2214-8051,2,0
Journal of Business Economics,0044-2372,2,0
Journal of Cultural Economics,1573-6997,2,0
Journal of Economic Inequality,1573-8701,2,0
Journal of Economic Issues,1946-326X,2,0
Journal of Economic Methodology,1469-9427,2,0
Journal of Economic Studies,0144-3585,2,0
Journal of Economic Surveys,1467-6419,2,0
Journal of Economics/ Zeitschrift fur Nationalokonomie,1617-7134,2,0
Journal of Evolutionary Economics,1432-1386,2,0
Journal of Family and Economic Issues,1573-3475,2,0
Journal of Forest Economics,1618-1530,2,0
Journal of Housing Economics,1096-0791,2,0
"Journal of Industry, Competition and Trade",1566-1679,2,0
Journal of Institutional and Theoretical Economics,1614-0559,2,0
Journal of International Development,1099-1328,2,0
Journal of Macroeconomics,1873-152X,2,0
Journal of Nonparametric Statistics,1029-0311,2,0
Journal of Policy Modeling,1873-8060,2,0
Journal of Post Keynesian Economics,1557-7821,2,0
Journal of Productivity Analysis,1573-0441,2,0
Journal of Public Economic Theory,1097-3923,2,0
Journal of Regulatory Economics,1573-0468,2,0
Journal of Statistical Planning and Inference,1873-1171,2,0
Journal of the Economics of Ageing,2212-8298,2,0
Journal of the Japanese and International Economies,1095-8681,2,0
Journal of Time Series Econometrics,1941-1928,2,0
Macroeconomic Dynamics,1469-8056,2,0
Managerial and Decision Economics,1099-1468,2,0
Manchester School,1467-9957,2,0
Mathematical Social Sciences,1879-3118,2,0
National Tax Journal,1944-7477,2,0
Networks and Spatial Economics,1572-9427,2,0
North American Journal of Economics and Finance,1879-0860,2,0
Open Economies Review,1573-708X,2,0
Oxford Development Studies,1469-9966,2,0
Oxford Review of Economic Policy,1460-2121,2,0
Pacific Economic Review,1468-0106,2,0
PharmacoEconomics,1179-2027,2,0
Quarterly Review of Economics and Finance,1062-9769,2,0
Rationality and Society,1461-7358,2,0
Resource and Energy Economics,,2,
Resources Policy,1873-7641,2,0
Review of Behavioral Economics,2326-6201,2,0
Review of Development Economics,1467-9361,2,0
Review of Economic Design,1434-4750,2,0
Review of Economics of the Household,1573-7152,2,0
Review of Environmental Economics and Policy,1750-6824,2,0
Review of Industrial Organization,1573-7160,2,0
Review of International Economics,1467-9396,2,0
Review of Law and Economics,1555-5879,2,0
Review of Network Economics,1446-9022,2,0
Review of Political Economy,1465-3982,2,0
Review of World Economics,1610-2886,2,0
Scottish Journal of Political Economy,1467-9485,2,0
Southern Economic Journal,2325-8012,2,0
Spatial Economic Analysis,1742-1780,2,0
Stata Journal,1536-8734,2,0
Statistics and Probability Letters,1879-2103,2,0
Studies in Nonlinear Dynamics and Econometrics,1558-3708,2,0
World Bank Research Observer,1564-6971,2,0
World Economy,1467-9701,2,0
Advances in Austrian Economics,1529-2134,1,0
Advances in Decision Sciences,,1,
Agrekon,2078-0400,1,0
Agricultural and Resource Economics Review,1068-2805,1,0
Annals of Economics and Statistics,1968-3863,1,0
Applied Economic Analysis,,1,
Applied Economics Letters,1466-4291,1,0
Applied Health Economics and Heath Policy,,1,
"Aquaculture, Economics and Management",,1,
Asian Economic Journal,1467-8381,1,0
Asian Economic Papers,1536-0083,1,0
Atlantic Economic Journal,0197-4254,1,0
Australian Economic Papers,1467-8454,1,0
Australian Economic Review,1467-8462,1,0
Baltic Journal of Economics,2334-4385,1,0
Behavioural Public Policy,2398-0648,1,0
Bulletin of Indonesian Economic Studies,1472-7234,1,0
Business Economics,1554-432X,1,0
China Agricultural Economic Review,1756-1388,1,0
China and World Economy,1749-124X,1,0
China Economic Journal,1753-8971,1,0
Cogent Economics and Finance,2332-2039,1,0
Comparative Economic Studies,0888-7233,1,0
Computational Economics,1572-9974,1,0
Constitutional Political Economy,1572-9966,1,0
Contemporary Economics,,1,
Credit and Capital Markets,,1,
De Economist,1572-9982,1,0
Decisions in Economics and Finance,1129-6569,1,0
Dynamic Games and Applications,2153-0793,1,0
Eastern Economic Journal,1939-4632,1,0
Eastern European Economics,1557-9298,1,0
Econometrics,2225-1146,1,0
EconomiA,,1,
Economia Agraria y Recursos Naturales – Agricultural and Resource,,1,
EEccoonnoommiiccs Analysis and Policy,,1,
Economic and Social Review,0012-9984,1,0
Economic Change and Restructuring,,1,
Economic Issues,1363-7029,1,0
Economic Notes,1468-0300,1,0
Economic Research-Ekonomska Istraživanja,,1,
Economics and Business Letters,2254-4380,1,0
Economics and Sociology,2306-3459,1,0
Economics of Energy and Environmental Policy,2160-5890,1,0
Economics of Governance,1435-8131,1,0
Economics of Transportation,2212-0130,1,0
Economies,2227-7099,1,0
Economists' Voice,1553-3832,1,0
Education Economics,1469-5782,1,0
Ekonomicheskaya Politika / Economic Policy,,1,
Ekonomista,,1,
Empirica,1573-6911,1,0
Environmental Economics and Policy Studies,1867-383X,1,0
Eurasian Economic Review,2147-429X,1,0
European Journal of Economics and Economic Policies: Intervention,2052-7772,1,0
European Journal of Law and Economics,1572-9990,1,0
FinanzArchiv,1614-0974,1,0
Forum for Health Economics and Policy,1558-9544,1,0
Foundations and Trends in Econometrics,1551-3084,1,0
Games,2073-4336,1,0
Global Economic Review,1744-3873,1,0
Global Economy Journal,1553-5304,1,0
Global Journal of Emerging Market Economies,,1,
Hacienda Pública Española / Review of Public Economics,,1,
Interdisciplinary Journal of Economics and Business Law,2047-8755,1,0
Intereconomics,1613-964X,1,0
International Advances in Economic Research,1083-0898,1,0
International Economic Journal,1743-517X,1,0
International Economics,,1,
International Game Theory Review,1793-6675,1,0
International Journal of Computational Economics and Econometrics,1757-1189,1,0
International Journal of Ecological Economics and Statistics,0973-7537,1,0
International Journal of Happiness and Development,2049-2804,1,0
International Journal of Political Economy,1558-0970,1,0
International Journal of Social Economics,0306-8293,1,0
International Review of Applied Economics,1465-3486,1,0
Jahrbucher fur Nationalokonomie und Statistik,2366-049X,1,0
Japan and the World Economy,1879-2006,1,0
Japanese Economic Review,1468-5876,1,0
Japanese Political Economy,,1,
Journal for Labour Market Research,1867-8343,1,0
Journal of Agricultural & Applied Economics,1074-0708,1,0
Journal of Agricultural and Food Industrial Organization,1542-0485,1,0
Journal of Air Transport Management,1873-2089,1,0
Journal of Applied Economics,1667-6726,1,0
Journal of Asian Economics,1873-7927,1,0
Journal of Bioeconomics,1573-6989,1,0
Journal of Choice Modelling,1755-5345,1,0
Journal of Competition Law & Economics,,1,
Journal of Developing Areas,1548-2278,1,0
Journal of Econometric Methods,2156-6674,1,0
Journal of Economic and Administrative Sciences,,1,
Journal of Economic and Financial Sciences,,1,
Journal of Economic Asymmetries,,1,
Journal of Economic Cooperation and Development,,1,
Journal of Economic Education,2152-4068,1,0
Journal of Economic Integration,1976-5525,1,0
Journal of Economic Interaction and Coordination,1860-7128,1,0
Journal of Economic Policy Reform,1748-7889,1,0
Journal of Gambling Business and Economics,1751-8008,1,0
Journal of Income Distribution,0926-6437,1,0
Journal of Industrial and Business Economics,1972-4977,1,0
Journal of Interdisciplinary Economics,0260-1079,1,0
Journal of International Trade and Economic Development,1469-9559,1,0
Journal of Mechanism and Institution Design,2399-8458,1,0
Journal of Media Economics,1532-7736,1,0
Journal of the Asia Pacific Economy,1469-9648,1,0
Journal of the Economic Science Association,2199-6784,1,0
Man and the Economy,2196-9647,1,0
Metroeconomica,1467-999X,1,0
Mineral Economics,2191-2211,1,0
Montenegrin Journal of Economics,,1,
National Institute Economic Review,1741-3036,1,0
Natural Resources Journal,0028-0739,1,0
NETNOMICS: Economic Research and Electronic Networking,1385-9587,1,0
New Zealand Economic Papers,1943-4863,1,0
"Peace Economics, Peace Science and Public Policy",1554-8597,1,0
Portuguese Economic Journal,1617-9838,1,0
Post-Communist Economies,1465-3958,1,0
PSL Quarterly Review,,1,
Quantitative Finance and Economics,,1,
Quarterly Journal of Austrian Economics,1936-4806,1,0
Research in Economics,1090-9451,1,0
Research in Transportation Economics,1875-7979,1,0
Review of Austrian Economics,1573-7128,1,0
Review of Economic Analysis,1973-3909,1,0
Review of Economics and Political Science,,1,
Review of Financial Economics,1873-5924,1,0
Review of Radical Political Economics,1552-8502,1,0
Russian Journal of Economics,,1,
SERIEs,1869-4195,1,0
South African Journal of Economic and Management Sciences,,1,
South African Journal of Economics,1813-6982,1,0
South Asia Economic Journal,0973-077X,1,0
Statistical Analysis and Data Mining,1932-1872,1,0
Strategic Behavior and the Environment,1944-0138,1,0
Studies in Agricultural Economics,2063-0476,1,0
Studies in Economics and Finance,1086-7376,1,0
Studies in Microeconomics,,1,
Swiss Journal of Economics and Statistics,2235-6282,1,0
The Forum for Social Economics,1874-6381,1,0
The Journal of Retirement,,1,
Tijdschrift Voor Economische en Sociale Geografie,1467-9663,1,0
Entrepreneurship Theory and Practice,1540-6520,4*,1
Journal of Business Venturing,1873-2003,4*,1
Strategic Entrepreneurship Journal,1932-443X,4,0
Entrepreneurship and Regional Development,1464-5114,3,0
Family Business Review,1741-6248,3,0
International Journal of Entrepreneurial Behaviour and Research,1758-6534,3,0
International Small Business Journal,1741-2870,3,0
Journal of Small Business Management,1540-627X,3,0
Small Business Economics,1573-0913,3,0
Entrepreneurship Research Journal,2157-5665,2,0
International Journal of Entrepreneurship and Innovation,2043-6882,2,0
International Journal of Entrepreneurship and Small Business,1741-8054,2,0
International Review of Entrepreneurship,1649-2269,2,0
Journal of Business Venturing Insights,2352-6734,2,0
Journal of Family Business Strategy,1877-8585,2,0
Journal of Research in Marketing and Entrepreneurship,,2,
Journal of Small Business and Enterprise Development,1462-6004,2,0
Journal of Social Entrepreneurship,1942-0684,2,0
Venture Capital,1464-5343,2,0
International Entrepreneurship and Management Journal,1555-1938,1,0
International Journal of Entrepreneurial Venturing,1742-5379,1,0
International Journal of Management and Enterprise Development,1741-8127,1,0
International Journal of Small and Medium Enterprises,,1,
Journal of Enterprising Communities,1750-6204,1,0
Journal of Enterprising Culture,1793-6330,1,0
Journal of Entrepreneurship,0973-0745,1,0
Journal of Entrepreneurship and Innovation in Emerging Economies,,1,
Journal of Entrepreneurship and Public Policy,2045-211X,1,0
Journal of Entrepreneurship in Emerging Economies,2053-4612,1,0
"Journal of Entrepreneurship, Management and Innovation",,1,
Journal of International Entrepreneurship,1570-7385,1,0
Journal of Small Business and Entrepreneurship,2169-2610,1,0
Small Business International Review,,1,
Small Enterprise Research,1175-0979,1,0
"Social Enterprise Journal World Review of Entrepreneurship, Management and Sustainable Develop1ment",,1,
Academy of Management Annals,1941-6067,4*,1
Academy of Management Journal,1948-0989,4*,1
Academy of Management Review,1930-3807,4*,1
Administrative Science Quarterly,1930-3815,4*,1
Journal of Management,1557-1211,4*,1
Academy of Management Perspectives,1558-9080,4,0
British Journal of Management,1467-8551,4,0
Journal of Management Studies,1467-6486,4,1
Academy of Management Discoveries,2168-1007,3,0
Business and Society,1552-4205,3,0
Business Ethics Quarterly,2153-3326,3,0
California Management Review,2162-8564,3,0
European Management Review,1740-4762,3,0
Gender and Society,1552-3977,3,0
"Gender, Work and Organization",1468-0432,3,0
Harvard Business Review,0017-8012,3,1
International Journal of Management Reviews,1468-2370,3,0
Journal of Business Ethics,1573-0697,3,0
Journal of Business Research,1873-7978,3,0
Journal of Management Inquiry,1552-6542,3,0
MIT Sloan Management Review,1532-9194,3,0
Africa Journal of Management,2332-2373,2,0
Australian Journal of Management,1327-2020,2,0
BRQ Business Research Quarterly,2340-9444,2,0
Business and Politics,1369-5258,2,0
"Business Ethics, the Environment and Responsibility",,2,
Business Horizons,1873-6068,2,0
Canadian Journal of Administrative Sciences,1936-4490,2,0
Competition and Change,1477-2221,2,0
"Equality, Diversity and Inclusion: an International Journal",2040-7149,2,0
Eurasian Business Review,2147-4281,2,0
European Business Review,0955-534X,2,0
European Journal of Women's Studies,1461-7420,2,0
European Management Journal,1873-5681,2,0
Feminist Economics,1466-4372,2,0
Feminist Review,1466-4380,2,0
Global Journal of Flexible Systems Management,0972-2696,2,0
IIM Kozhikode Society & Management Review,2321-029X,2,0
International Journal of Business Governance and Ethics,1741-802X,2,0
International Journal of Conflict Management,1758-8545,2,0
International Journal of Gender and Entrepreneurship,1756-6274,2,0
International Studies of Management and Organization,1558-0911,2,0
Journal of Intellectual Capital,1758-7468,2,0
Journal of Management and Organization,1839-3527,2,0
Management Decision,1758-6070,2,0
Management Revue,1861-9908,2,0
Review of Managerial Science,1863-6691,2,0
Scandinavian Journal of Management,1873-3387,2,0
Schmalenbach Journal of Business Research,,2,
Sex Roles,1573-2762,2,0
Signs,1545-6943,2,0
Acta Commercii,1684-1999,1,0
American Journal of Business,1935-5181,1,0
Annals of Work Exposures and Health,2398-7316,1,0
Asian Journal of Management Cases,0973-0621,1,0
Baltic Journal of Management,1746-5273,1,0
Business & Professional Ethics Journal,2153-7828,1,0
Business and Human Rights Journal,2057-0201,1,0
Business Perspectives and Research,2394-9937,1,0
CASE Journal,1544-9106,1,0
Cogent Business and Management,2331-1975,1,0
Economic and Business Review,2335-4216,1,0
Emerald Emerging Markets Case Studies,2045-0621,1,0
FIIB Business Review,2455-2658,1,0
Gender in Management: An International Journal,1754-2413,1,0
Global Business Review,0973-0664,1,0
International Journal of Arts Management,1480-8986,1,0
International Journal of Business Competition and Growth,2042-3853,1,0
International Journal of Business Environment,1740-0597,1,0
International Journal of Business Excellence,1756-0055,1,0
International Journal of Contemporary Management,2449-8939,1,0
International Journal of Globalisation and Small Business,1479-3067,1,0
International Journal of Knowledge-Based Development,2040-4476,1,0
International Journal of Management and Decision Making,1741-5187,1,0
International Journal of Management Concepts and Philosophy,1741-8135,1,0
International Journal of Management Practice,1741-8143,1,0
"International Journal of Management, Economics and Social Sciences",2304-1366,1,0
International Journal of Managing Projects in Business,1753-8386,1,0
Iranian Journal of Management Studies,2345-3745,1,0
Irish Journal of Management,2451-2834,1,0
Journal for Global Business Advancement,1746-9678,1,0
Journal of Contemporary Administration,1982-7849,1,0
Journal of Creating Value,2454-213X,1,0
Journal of Family Business Management,2043-6246,1,0
Journal of General Management,0306-3070,1,0
Journal of Global Responsibility,2041-2568,1,0
Journal of Human Values,0973-0737,1,0
Journal of Indian Business Research,1755-4209,1,0
Journal of Islamic Business & Management,2521-2249,1,0
Journal of Management and Governance,1572-963X,1,0
Journal of Management Sciences,2313-0113,1,0
"Journal of Management, Spirituality and Religion",1942-258X,1,0
Journal of Revenue and Pricing Management,1477-657X,1,0
Management,1846-3363,1,0
Management Research Review,2040-8269,1,0
Measuring Business Excellence,1368-3047,1,0
Metamorphosis- A Journal of Management Research,2348-9324,1,0
Organization Management Journal,1541-6518,1,0
Policy and Practice in Health and Safety,1477-4003,1,0
Problems and Perspectives in Management,1810-5467,1,0
PSU Research Review: An International Interdisciplinary Journal,2398-4007,1,0
RAE Revista de Administracao de Empresas,2178-938X,1,0
RAUSP Management Journal,2531-0488,1,0
Safety and Reliability,2469-4126,1,0
Social Responsibility Journal,1758-857X,1,0
South Asian Journal of Business and Management Cases,2321-0303,1,0
South Asian Journal of Business Studies,2398-6298,1,0
Symphonya. Emerging Issues in Management,1593-0319,1,0
Vezetlstudomány | Budapest Management Review,0133-0179,1,0
Vikalpa,2395-3799,1,0
Vision,2249-5304,1,0
Journal of Finance,1540-6261,4*,1
Journal of Financial Economics,0304-405X,4*,1
Review of Financial Studies,1465-7368,4*,1
Journal of Corporate Finance,1872-6313,4,0
Journal of Financial and Quantitative Analysis,1756-6916,4,1
Journal of Financial Intermediation,1096-0473,4,0
"Journal of Money, Credit and Banking",1538-4616,4,0
Review of Finance,1573-692X,4,1
Annual Review of Financial Economics,1941-1375,3,0
Corporate Governance: An International Review,1467-8683,3,0
European Financial Management,1468-036X,3,0
European Journal of Finance,1466-4364,3,0
Finance and Stochastics,1432-1122,3,0
Financial Analysts Journal,1938-3312,3,0
Financial Management,1755-053X,3,0
"Financial Markets, Institutions and Instruments",1468-0416,3,0
Financial Review,1540-6288,3,0
Insurance: Mathematics and Economics,1873-5959,3,0
International Journal of Central Banking,1815-7556,3,0
International Journal of Finance and Economics,1099-1158,3,0
International Review of Financial Analysis,1873-8079,3,0
Journal of Banking and Finance,1872-6372,3,0
Journal of Commodity Markets,2405-8505,3,0
Journal of Empirical Finance,1879-1727,3,0
Journal of Financial Econometrics,1479-8417,3,0
Journal of Financial Markets,1878-576X,3,0
Journal of Financial Research,1475-6803,3,0
Journal of Financial Services Research,1573-0735,3,0
Journal of Financial Stability,1878-0962,3,0
Journal of Futures Markets,1096-9934,3,0
"Journal of International Financial Markets, Institutions and Money",1873-0612,3,0
Journal of International Money and Finance,1873-0639,3,0
Journal of Portfolio Management,2168-8656,3,0
Journal of Real Estate Finance and Economics,1573-045X,3,0
Journal of Risk and Insurance,1539-6975,3,0
Mathematical Finance,1467-9965,3,0
Quantitative Finance,1469-7696,3,0
Review of Asset Pricing Studies,2045-9939,3,0
Review of Corporate Finance Studies,2046-9136,3,0
Review of Quantitative Finance and Accounting,1573-7179,3,0
Annals of Corporate Governance,,2,
Annals of Finance,1614-2454,2,0
Applied Mathematical Finance,1466-4313,2,0
Asia-Pacific Financial Markets,1573-6946,2,0
ASTIN Bulletin,1783-1350,2,0
Corporate Governance (Bingley),1472-0701,2,0
Emerging Markets Finance and Trade,1558-0938,2,0
Emerging Markets Review,1873-6173,2,0
European Actuarial Journal,,2,
Finance Research Letters,1544-6131,2,0
Financial Innovation,,2,
Financial Markets and Portfolio Management,2373-8529,2,0
Foundations and Trends in Finance,1567-2409,2,0
Geneva Papers on Risk and Insurance: Issues and Practice,1468-0440,2,0
Global Finance Journal,1044-0283,2,0
"International Journal of Banking, Accounting and Finance",1755-3849,2,0
International Journal of Managerial Finance,1743-9132,2,0
International Journal of Theoretical and Applied Finance,0219-0249,2,0
International Tax and Public Finance,1573-6970,2,0
Journal of Alternative Investments,1520-3255,2,0
Journal of Asset Management,1479-179X,2,0
Journal of Banking Regulation,1750-2071,2,0
Journal of Behavioral Finance,1542-7579,2,0
Journal of Derivatives,2168-8524,2,0
Journal of Economics and Business,0148-6195,2,0
Journal of Emerging Market Finance,0973-0710,2,0
Journal of Fixed Income,1059-8596,2,0
"Journal of Law, Finance, and Accounting",,2,
Journal of Multinational Financial Management,1873-1309,2,0
Journal of Operational Risk,1755-2710,2,0
Journal of Pension Economics and Finance,1475-3022,2,0
Journal of Risk,1755-2842,2,0
North American Actuarial Journal,1092-0277,2,0
Pacific Basin Finance Journal,1879-0585,2,0
Research in International Business and Finance,1878-3384,2,0
Review of Accounting and Finance,1758-7700,2,0
Review of Derivatives Research,1573-7144,2,0
Review of Development Finance,1879-9337,2,0
SIAM Journal on Financial Mathematics,1945-497X,2,0
African Finance Journal,1605-9786,1,0
Agricultural Finance Review,2041-6326,1,0
Annals of Actuarial Science,1748-5002,1,0
Bancaria The Journal of the Italian Banking Association,2499-4472,1,0
Banks and Bank Systems,,1,
British Actuarial Journal,2044-0456,1,0
China Finance Review International,2044-1401,1,0
Critical Finance Review,2164-5760,1,0
Finance,2101-0145,1,0
Financial Services Review,1057-0810,1,0
Insurance Markets and Companies,,1,
"Intelligent Systems in Accounting, Finance and Management International Journal of Islamic and Middle Eastern Finance and Managem1ent",,1,
Investment Analysts Journal,2077-0227,1,0
Investment Management and Financial Innovations,,1,
Journal of Applied Corporate Finance,1745-6622,1,0
Journal of Behavioral and Experimental Finance,2214-6369,1,0
Journal of Capital Markets Studies,,1,
Journal of Computational Finance,1755-2850,1,0
Journal of Credit Risk,1755-9723,1,0
Journal of Economics and Finance,,1,
"Journal of Economics, Finance and Administrative Science",,1,
Journal of Energy Markets,1756-3615,1,0
Journal of Financial Economic Policy,1757-6393,1,0
"Journal of Financial Management, Markets and Institutions",2282-717X,1,0
Journal of Financial Market Infrastructures,2049-5412,1,0
Journal of Financial Regulation and Compliance,1740-0279,1,0
Journal of Financial Reporting and Accounting,2042-5856,1,0
Journal of Investment Strategies,2047-1246,1,0
Journal of Prediction Markets,1750-676X,1,0
Journal of Property Investment and Finance,1463-578X,1,0
Journal of Risk Finance,1526-5943,1,0
Journal of Risk Model Validation,1753-9587,1,0
Journal of Sustainable Finance and Investment,2043-0809,1,0
Managerial Finance,1758-7743,1,0
Multinational Finance Journal,1096-1879,1,0
Public and Municipal Finance,,1,
Qualitative Research in Financial Markets,1755-4187,1,0
Quarterly Journal of Finance,2010-1406,1,0
Quarterly Journal of Finance and Accounting (QJFA),,1,
Review of Behavioral Finance,1940-5987,1,0
Scandinavian Actuarial Journal,1651-2030,1,0
The Journal of Beta Investment Strategies,,1,
The Journal of Financial Data Science,,1,
The Journal of Investing,,1,
The Journal of Structured Finance,,1,
The Journal of Wealth Management,,1,
Human Resource Management Journal (UK),1748-8583,4*,0
British Journal of Industrial Relations,1467-8543,4,0
Human Resource Management (USA),1099-050X,4,1
Industrial Relations,1468-232X,4,0
"Work, Employment and Society",1469-8722,4,0
Economic and Industrial Democracy,1461-7099,3,0
European Journal of Industrial Relations,1461-7129,3,0
Human Resource Management Review,1873-7889,3,0
ILR Review,2162-271X,3,0
Industrial Law Journal,1464-3669,3,0
Industrial Relations Journal,1468-2338,3,0
International Journal of Human Resource Management,1466-4399,3,0
"New Technology, Work and Employment",1468-005X,3,0
Work and Occupations,1552-8464,3,0
Asia Pacific Journal of Human Resources,1744-7941,2,0
Career Development International,1758-6003,2,0
Career Development Quarterly,2161-0045,2,0
Employee Relations,1758-7069,2,0
Employee Responsibilities and Rights Journal,,2,
Human Resource Development International,1469-8374,2,0
Human Resource Development Quarterly,1532-1096,2,0
Human Resource Development Review,1552-6712,2,0
Industrielle Beziehungen,1862-0035,2,0
International Journal of Manpower,1758-6577,2,0
International Journal of Training and Development,1468-2419,2,0
International Labour Review,1564-913X,2,0
Journal of Global Mobility,2049-8802,2,0
Journal of Industrial Relations,1472-9296,2,0
Journal of Labor Research,1936-4768,2,0
Journal of Organizational Effectiveness,2051-6614,2,0
Journal of Participation and Employee Ownership,,2,
Labor Studies Journal,0160-449X,2,0
Labour and Industry: a journal of social and economic relations of work,2325-5676,2,0
Personnel Review,1758-6933,2,0
Relations Industrielles/Industrial Relations,1703-8138,2,0
Sociologie du Travail,1777-5701,2,0
Transfer,1996-7284,2,0
Work in the Global Economy,,2,
"Work, Aging and Retirement Zeitschrift für Personalforschung (German Journal of Research in Human",,2,
Advances in Industrial and Labor Relations,0742-6186,1,0
African Journal of Employee Relations,,1,
Australian Journal of Labour Economics,1328-1143,1,0
Economic and Labour Relations Review,1838-2673,1,0
Evidence-based HRM,2049-3991,1,0
Indian Journal of Labour Economics,0019-5308,1,0
Industrial and Commercial Training,0019-7858,1,0
International Journal of Comparative Labour Law and Industrial Relations,1875-838X,1,0
International Journal of Employment Studies,1039-6993,1,0
International Journal of Learning and Intellectual Capital,1479-4861,1,0
Journal of Work-Applied Management,2205-2062,1,0
Labour,1467-9914,1,0
Management and Labour Studies,2321-0710,1,0
Research in Personnel and Human Resources Management,0742-7301,1,0
SA Journal of Human Resource Management,2071-078X,1,0
South Asian Journal of Human Resources Management,2349-5790,1,0
Team Performance Management,1352-7592,1,0
"Work Organisation, Labour and Globalisation",1745-6428,1,0
Journal of International Business Studies,1478-6990,4*,1
Journal of World Business,1878-5573,4,0
African Affairs,1468-2621,3,0
Asia Pacific Journal of Management,1572-9958,3,0
International Business Review,1873-6149,3,0
Journal of Common Market Studies,1468-5965,3,0
Journal of International Business Policy,,3,
Journal of International Management,1873-0620,3,0
Management and Organization Review,1740-8784,3,0
Management International Review,1861-8901,3,0
Multinational Business Review,2054-1686,3,0
Asia Pacific Business Review,1743-792X,2,0
Asian Business and Management,1476-9328,2,0
China Quarterly,1468-2648,2,0
Critical Perspectives on International Business,1742-2043,2,0
Cross Cultural and Strategic Management,2059-5794,2,0
Eurasian Geography and Economics,1938-2863,2,0
EuroMed Journal of Business,1758-888X,2,0
Europe-Asia Studies,1465-3427,2,0
European Journal of International Management,1751-6765,2,0
Journal of Business Economics and Management,2029-4433,2,0
Journal of Latin American Studies,1469-767X,2,0
Journal of Modern African Studies,1469-7777,2,0
Journal of World Trade,2210-2795,2,0
Review of African Political Economy,1740-1720,2,0
Third World Quarterly,1360-2241,2,0
Thunderbird International Business Review,1096-4762,2,0
Academia Revista Latinoamericana de Administracion,2056-5127,1,0
African Journal of Economic and Management Studies,,1,
Asia Pacific Management Review,,1,
Asia-Pacific Journal of Business Administration,1757-4331,1,0
Chinese Management Studies,1750-6158,1,0
Competitiveness Review,2051-3143,1,0
Foreign Trade Review,0971-7625,1,0
Global Business and Economics Review,1745-1329,1,0
International Journal of Business and Emerging Markets,1753-6227,1,0
International Journal of Cross Cultural Management,1741-2838,1,0
International Journal of Emerging Markets,1746-8817,1,0
International Journal of Export Marketing,2059-0903,1,0
International Journal of Indian Culture and Business Management,1753-0814,1,0
International Trade Journal,1521-0545,1,0
Journal for International Business and Entrepreneurship Development,1747-6763,1,0
Journal of African Business,1522-9076,1,0
Journal of Asia Business Studies,1559-2243,1,0
Journal of Asia-Pacific Business,1528-6940,1,0
Journal of Chinese Economic and Business Studies,1476-5292,1,0
Journal of East European Management Studies,1862-0019,1,0
Journal of East-West Business,1528-6959,1,0
Journal of Transnational Management,1547-5786,1,0
Latin American Business Review,1528-6932,1,0
Management Research,1558-0946,1,0
Review of International Business and Strategy,2059-6014,1,0
Revista de Gestão,,1,
South African Journal of Business Management,2078-5976,1,0
South Asian Journal of Macroeconomics and Public Finance,,1,
Transnational Corporations Review,1925-2099,1,0
Information Systems Research,1526-5536,4*,1
Journal of the Association for Information Systems,1558-3457,4*,0
MIS Quarterly: Management Information Systems,2162-9730,4*,1
European Journal of Information Systems,1476-9344,4,0
Information Systems Journal,1365-2575,4,0
Journal of Information Technology,1466-4437,4,0
Journal of Management Information Systems,1557-928X,4,1
Journal of Strategic Information Systems,1873-1198,4,0
Decision Support Systems,1873-5797,3,0
Government Information Quarterly,1872-9517,3,0
Information and Management,1872-7530,3,0
Information and Organization,1873-7919,3,0
Information Society,1087-6537,3,0
Information Systems Frontiers,1572-9419,3,0
Information Technology and People,1758-5813,3,0
International Journal of Electronic Commerce,1557-9301,3,0
Internet Research,1066-2243,3,0
Journal of Computer-Mediated Communication Journal of the Association for Information Science and Technology (JASIST)3,,3,
AIS Transactions on Human-Computer Interaction,1944-3900,2,0
Annual Review of Information Science and Technology,1550-8382,2,0
Behaviour and Information Technology,1362-3001,2,0
British Journal of Educational Technology,1467-8535,2,0
Business & Information Systems Engineering,,2,
Communications of the ACM,1557-7317,2,0
Communications of the Association for Information Systems,1529-3181,2,0
Computer Journal,1460-2067,2,0
Computer Supported Cooperative Work,1573-7551,2,0
Computers in Human Behavior,1873-7692,2,0
Electronic Commerce Research,1572-9362,2,0
Electronic Commerce Research and Applications,1873-7846,2,0
Enterprise Information Systems,1751-7583,2,0
Expert Systems,1468-0394,2,0
Health Information and Libraries Journal,1471-1842,2,0
Health Systems,2047-6973,2,0
Industrial Management and Data Systems,1758-5783,2,0
Information Processing and Management,1873-5371,2,0
Information Systems and e-Business Management,1617-9854,2,0
Information Systems Management,1934-8703,2,0
Information Technology for Development,1554-0170,2,0
Interacting with Computers,1873-7951,2,0
International Journal of Human Computer Studies,1095-9300,2,0
International Journal of Information Management,1873-4707,2,0
Journal of Computer Information Systems,2380-2057,2,0
Journal of Documentation,1758-7379,2,0
Journal of Enterprise Information Management,1758-7409,2,0
Journal of Global Information Management,1533-7995,2,0
Journal of Global Information Technology Management,2333-6846,2,0
Journal of Information Science,1741-6485,2,0
Journal of Systems and Software,1873-1228,2,0
MIS Quarterly Executive,1540-1979,2,0
Pacific Asia Journal of the Association for Information Systems,1943-7544,2,0
Requirements Engineering,1432-010X,2,0
Scandinavian Journal of Information Systems,1901-0990,2,0
The Data Base for Advances in Information Systems,1532-0936,2,0
Aslib Journal of Information Management,2050-3814,1,0
Australasian Journal of Information Systems,1326-2238,1,0
e-Service Journal,1528-8234,1,0
Ethics and Information Technology,1572-8439,1,0
Expert Systems with Applications,1873-6793,1,0
Foundations and Trends® in Information Systems,,1,
Human-Computer Interaction,1532-7051,1,0
Information and Computer Security,2056-4961,1,0
Information Research,1368-1613,1,0
Information Resources Management Journal,1533-7979,1,0
Information Technology & Tourism,1943-4294,1,0
Information Technology and Management,1573-7667,1,0
International Journal of Business and Systems Research,1751-2018,1,0
International Journal of Business Information Systems,1746-0980,1,0
International Journal of Business Process Integration and Management,1741-8771,1,0
"International Journal of Data Analysis Techniques and Strategies International Journal of Digital Strategy, Governance, and Business Transfor1mation",,1,
International Journal of e-Business Research,1548-114X,1,0
International Journal of Electronic Business,,1,
International Journal of Enterprise Information Systems,1548-1123,1,0
International Journal of Information Systems and Change Management,1479-313X,1,0
International Journal of Information Systems in the Service Sector,1935-5696,1,0
International Journal of Information Technology and Management,1741-5179,1,0
International Journal of Knowledge Management,1548-0658,1,0
International Journal of Services Economics and Management,,1,
International Journal of Web Information Systems,1744-0092,1,0
Journal of Database Management,1533-8010,1,0
Journal of Decision Systems,2116-7052,1,0
Journal of Electronic Commerce in Organizations,1539-2937,1,0
Journal of Electronic Commerce Research,1526-6133,1,0
Journal of Emerging Technologies in Accounting,1558-7940,1,0
Journal of Information Systems Education,1055-3096,1,0
Journal of Information Technology Case and Application Research,,1,
Journal of Information Technology Management,2423-5059,1,0
Journal of Information Technology Teaching Cases,2043-8869,1,0
Journal of Informetrics,1875-5879,1,0
Journal of Internet Commerce,1533-287X,1,0
Journal of Organizational and End User Computing,1546-5012,1,0
Journal of Organizational Computing and Electronic Commerce,1532-7744,1,0
Journal of Systems and Information Technology,1758-8847,1,0
Journal of Theoretical and Applied Electronic Commerce Research,0718-1876,1,0
Knowledge Management Research and Practice,1477-8246,1,0
Library Hi Tech (LHT),,1,
Online Information Review,1468-4535,1,0
Online Journal of Applied Knowledge Management,2325-4688,1,0
Software Impacts,,1,
South African Journal of Information Management,1560-683X,1,0
The Bottom Line,,1,
Research Policy,1873-7625,4*,1
Journal of Product Innovation Management,1540-5885,4,0
Industry and Innovation,1469-8390,3,0
Journal of Technology Transfer,1573-7047,3,0
R and D Management,1467-9310,3,0
Technological Forecasting and Social Change,1873-5509,3,0
Technovation,1879-2383,3,0
Creativity and Innovation Management,1467-8691,2,0
Innovation: Organization & Management,2204-0226,2,0
International Journal of Innovation Management,1363-9196,2,0
Journal of Engineering and Technology Management - JET-M,1608-4799,2,0
Journal of High Technology Management Research,1047-8310,2,0
Journal of Responsible Innovation,,2,
Prometheus,1470-1030,2,0
Research Technology Management,1930-0166,2,0
Science and Technology Studies,2243-4690,2,0
Science Technology and Human Values,1552-8251,2,0
Scientometrics,1588-2861,2,0
Social Studies of Science,1460-3659,2,0
Structural Change and Economic Dynamics,0954-349X,2,0
Annals of Science and Technology Policy,,1,
Asian Journal of Technology Innovation,2158-6721,1,0
European Journal of Innovation Management,1758-7115,1,0
International Journal of Business Innovation and Research,1751-0260,1,0
International Journal of Entrepreneurship and Innovation Management,1741-5098,1,0
International Journal of Foresight and Innovation Policy,1740-2824,1,0
International Journal of Innovation and Sustainable Development,1740-8830,1,0
International Journal of Innovation and Technology Management,1793-6950,1,0
International Journal of Innovation Science,1757-2231,1,0
International Journal of Product Development,1741-8178,1,0
International Journal of Technology and Globalisation,1741-8194,1,0
International Journal of Technology Intelligence and Planning International Journal of Technology Management and Sustainable Develop1ment,,1,
International Journal of Technology Transfer and Commercialisation,1741-5284,1,0
"International Journal of Technology, Policy and Management",1741-5292,1,0
International Journal of the Digital Human,2046-3383,1,0
Journal of Innovation and Knowledge,2444-569X,1,0
Journal of Innovation Economics & Management,2032-5355,1,0
Journal of Innovation Management (JIM),,1,
Journal of Science and Technology Policy Management,2053-4639,1,0
Journal of the Knowledge Economy,1868-7873,1,0
Technology Innovation Management Review,1927-0321,1,0
Academy of Management Learning and Education,1944-9585,4*,0
Management Learning,1461-7307,3,0
Studies in Higher Education,1470-174X,3,0
Accounting Education,1468-4489,2,0
Advances in Developing Human Resources,1552-3055,2,0
Assessment and Evaluation in Higher Education,,2,
British Educational Research Journal,1469-3518,2,0
British Journal of Guidance and Counselling,1469-3534,2,0
European Journal of Higher Education,,2,
Higher Education,1573-174X,2,0
Higher Education Policy,1740-3863,2,0
Higher Education Quarterly,0263-9769,2,0
INFORMS Transactions on Education,1532-0545,2,0
Innovations in Education and Teaching International,1470-3300,2,0
Issues in Accounting Education,1558-7983,2,0
Journal of Accounting Education,0748-5751,2,0
Journal of Education and Work,1469-9435,2,0
Journal of Education Policy,1464-5106,2,0
Journal of Higher Education,1538-4640,2,0
Journal of International Business Education,2044-4575,2,0
Journal of Management Education,1552-6658,2,0
Journal of Marketing Education,1552-6550,2,0
Management Teaching Review,,2,
Teaching in Higher Education,1470-1294,2,0
Action Learning: Research and Practice,1476-7341,1,0
Active Learning in Higher Education,1741-2625,1,0
Advances in Accounting Education: Teaching and Curriculum Innovations,1085-4622,1,0
Coaching,1752-1890,1,0
Decision Sciences Journal of Innovative Education,1540-4609,1,0
Education and Training,1758-6127,1,0
Electronic Journal of e-Learning,1479-4403,1,0
European Journal of Training and Development,2046-9020,1,0
"Higher Education, Skills and Work-based Learning",2042-390X,1,0
Industry and Higher Education,2043-6858,1,0
International Journal of Evidence Based Coaching and Mentoring,1741-8305,1,0
International Journal of Innovation and Learning,,1,
International Journal of Knowledge and Learning,,1,
International Journal of Learning and Change,,1,
International Journal of Management Development,1752-850X,1,0
International Journal of Management Education,2352-3565,1,0
International Journal of Teaching and Case Studies,1749-916X,1,0
Journal for Advancement of Marketing Education,1537-5137,1,0
Journal of Advertising Education,2516-1873,1,0
Journal of Business Ethics Education,2044-4559,1,0
Journal of Educational Administration,0957-8234,1,0
Journal of Further and Higher Education,1469-9486,1,0
Journal of Higher Education Policy and Management,1469-9508,1,0
Journal of International Education in Business,1836-3261,1,0
Journal of Management Development,0262-1711,1,0
Journal of Organizational Behavior Education,2047-9999,1,0
Journal of Vocational Education and Training,1747-5090,1,0
Journal of Workplace Learning,1366-5626,1,0
Marketing Education Review,2153-9987,1,0
Operations Management Education Review,2044-4567,1,0
Quality Assurance in Education,0968-4883,1,0
Tertiary Education and Management,1358-3883,1,0
The Journal of Research in Innovative Teaching & Learning,,1,
Journal of Consumer Psychology,1532-7663,4*,1
Journal of Consumer Research,1537-5277,4*,1
Journal of Marketing,1547-7185,4*,1
Journal of Marketing Research,1547-7193,4*,1
Journal of the Academy of Marketing Science,1552-7824,4*,1
Marketing Science,1526-548X,4*,1
International Journal of Research in Marketing,1873-8001,4,0
Journal of Retailing,1873-3271,4,0
European Journal of Marketing,1758-7123,3,0
Industrial Marketing Management,1873-2062,3,0
International Marketing Review,1758-6763,3,0
Journal of Advertising,1557-7805,3,0
Journal of Advertising Research,1740-1909,3,0
Journal of Interactive Marketing,1520-6653,3,0
Journal of International Marketing,1547-7215,3,0
Journal of Public Policy and Marketing,1547-7207,3,0
Marketing Letters,1573-059X,3,0
Marketing Theory,1741-301X,3,0
Psychology and Marketing,1520-6793,3,0
Quantitative Marketing and Economics,1573-711X,3,0
Academy of Marketing Science Review,1869-8182,2,0
Advances in Consumer Research,0098-9258,2,0
Consumption Markets and Culture,1477-223X,2,0
Electronic Markets,1422-8890,2,0
International Journal of Advertising,1759-3948,2,0
International Journal of Consumer Studies,1470-6431,2,0
International Journal of Market Research,2515-2173,2,0
International Journal of Retail and Distribution Management,1758-6690,2,0
Journal of Brand Management,1479-1803,2,0
Journal of Business and Industrial Marketing,2052-1189,2,0
Journal of Consumer Behaviour,1479-1838,2,0
Journal of Macromarketing,1552-6534,2,0
Journal of Marketing Management,1472-1376,2,0
Journal of Personal Selling and Sales Management,1557-7813,2,0
Journal of Retailing and Consumer Services,1873-1384,2,0
Journal of Services Marketing,0887-6045,2,0
Journal of Strategic Marketing,1466-4488,2,0
Journal of the Association for Consumer Research,,2,
Qualitative Market Research,1352-2752,2,0
Asia Pacific Journal of Marketing and Logistics,1758-4248,1,0
Australasian Marketing Journal,1441-3582,1,0
Corporate Communications,1356-3289,1,0
Corporate Reputation Review,1479-1889,1,0
Health Marketing Quarterly,1545-0864,1,0
International Journal of Bank Marketing,1758-5937,1,0
International Journal of Internet Marketing and Advertising,1741-8100,1,0
International Journal of Pharmaceutical and Healthcare Marketing,,1,
International Journal of Technology Marketing,1741-8798,1,0
"International Review of Retail, Distribution and Consumer Research",1466-4402,1,0
International Review on Public and Non-Profit Marketing,1865-1992,1,0
Journal of Business-to-Business Marketing,1547-0628,1,0
Journal of Communication Management,1363-254X,1,0
Journal of Consumer Affairs,1745-6606,1,0
Journal of Consumer Marketing,0736-3761,1,0
Journal of Current Issues and Research in Advertising,2164-7313,1,0
Journal of Fashion Marketing and Management,1758-7433,1,0
Journal of Financial Services Marketing,1479-1846,1,0
Journal of Global Fashion Marketing,2325-4483,1,0
Journal of Global Marketing,1528-6975,1,0
Journal of Interactive Advertising,1525-2019,1,0
Journal of International Consumer Marketing,,1,
Journal of Marketing Analytics,2050-3318,1,0
Journal of Marketing Communications,1466-4445,1,0
Journal of Marketing for Higher Education,1540-7144,1,0
Journal of Marketing Theory and Practice,1069-6679,1,0
Journal of Non-Profit and Public Sector Marketing,1540-6997,1,0
Journal of Philanthropy and Marketing,,1,
Journal of Product and Brand Management,2054-1643,1,0
Journal of Relationship Marketing,1533-2675,1,0
Journal of Research in Interactive Marketing,2040-7130,1,0
Journal of Social Marketing,2042-6771,1,0
Marketing Intelligence and Planning,1758-8049,1,0
Recherche et Applications en Marketing,2051-5707,1,0
Review of Marketing Science,1546-5616,1,0
Services Marketing Quarterly,1533-2977,1,0
Social Marketing Quarterly,1539-4093,1,0
Spanish Journal of Marketing - ESIC,,1,
Young Consumers,1758-7212,1,0
Journal of Operations Management,1873-1317,4*,1
International Journal of Operations and Production Management,1758-6593,4,0
Journal of Supply Chain Management,1745-493X,4,0
Production and Operations Management,1937-5956,4,1
Computers in Industry,1872-6194,3,0
IEEE Transactions on Engineering Management,1558-0040,3,0
International Journal of Production Economics,1873-7579,3,0
International Journal of Production Research,1366-588X,3,0
Journal of Business Logistics,2158-1592,3,0
Journal of Purchasing and Supply Management,1873-6505,3,0
Manufacturing and Service Operations Management,1526-5498,3,1
Production Planning and Control,1366-5871,3,0
Supply Chain Management,1758-6852,3,0
Business Process Management Journal,1758-4116,2,0
Computers and Industrial Engineering,1879-0550,2,0
International Journal of Computer Integrated Manufacturing,1362-3052,2,0
International Journal of Physical Distribution and Logistics Management,1758-664X,2,0
International Journal of Project Management,1873-4634,2,0
International Journal of Quality and Reliability Management,0265-671X,2,0
International Journal of Technology Management,1741-5276,2,0
Journal of Construction Engineering and Management - ASCE,1943-7862,2,0
Total Quality Management and Business Excellence,1478-3371,2,0
Benchmarking,1463-5771,1,0
Concurrent Engineering Research and Applications,1531-2003,1,0
"Flexible Services and Manufacturing Journal Foundations and Trends in Technology, Information and Operations Manag1ement",,1,
International Journal of Agile Systems and Management International Journal of Business Performance and Supply Chain Modelling1,,1,
International Journal of Business Performance Management,1741-5039,1,0
International Journal of Construction Management,1562-3599,1,0
International Journal of Engineering Business Management,1847-9790,1,0
International Journal of Enterprise Network Management,1748-1260,1,0
International Journal of Industrial and Systems Engineering,1748-5045,1,0
International Journal of Industrial Engineering and Management International Journal of Information Systems and Supply Chain Manageme1nt,,1,
International Journal of Integrated Supply Management,1741-8097,1,0
International Journal of Internet Manufacturing and Services,1751-6056,1,0
International Journal of Lean Six Sigma,2040-4174,1,0
International Journal of Logistics Management,1758-6550,1,0
International Journal of Logistics Research and Applications,1469-848X,1,0
International Journal of Logistics Systems and Management,1742-7975,1,0
International Journal of Manufacturing Technology and Management,,1,
International Journal of Process Management and Benchmarking,,1,
International Journal of Procurement Management,1753-8440,1,0
International Journal of Productivity and Performance Management,1741-0401,1,0
International Journal of Productivity and Quality Management,1746-6482,1,0
International Journal of Quality and Service Sciences,1756-6703,1,0
International Journal of Services and Operations Management,1744-2389,1,0
International Journal of Services Operations and Informatics,1741-5403,1,0
International Journal of Shipping and Transport Logistics,1756-6525,1,0
International Journal of Six Sigma and Competitive Advantage,,1,
International Journal of Value Chain Management,1741-5365,1,0
Journal of Global Operations and Strategic Sourcing,,1,
Journal of Humanitarian Logistics and Supply Chain Management,2042-6755,1,0
Journal of Intelligent Manufacturing,1572-8145,1,0
Journal of Manufacturing Systems,1878-6642,1,0
Journal of Manufacturing Technology Management,1758-7786,1,0
Journal of Public Procurement,2150-6930,1,0
Journal of Quality in Maintenance Engineering,1355-2511,1,0
Journal of Scheduling,1099-1425,1,0
Journal of Service Theory and Practice,2055-6225,1,0
Journal of Transport and Supply Chain Management,,1,
Knowledge and Process Management,1099-1441,1,0
"Operations Management Research Proceedings of the Institution of Mechanical Engineers, Part B: Journal",,1,
Production & Manufacturing Research,,1,
Project Management Journal,1938-9507,1,0
Quality and Reliability Engineering International,1099-1638,1,0
Quality Innovation Prosperity,,1,
Quality Progress,0033-524X,1,0
Service Science,2164-3970,1,0
Supply Chain Forum,1624-6039,1,0
TQM Journal,1754-2731,1,0
World Review of Intermodal Transportation Research,1749-4737,1,0
Management Science,1526-5501,4*,1
Operations Research,1526-5463,4*,1
European Journal of Operational Research,1872-6860,4,0
IEEE Transactions on Evolutionary Computation,1941-0026,4,0
Mathematical Programming,1436-4646,4,0
ACM Transactions on Modeling and Computer Simulation,1558-1195,3,0
Annals of Operations Research,1572-9338,3,0
Computational Optimization and Applications,1573-2894,3,0
Computers and Operations Research,1873-765X,3,0
Decision Sciences,1540-5915,3,0
Evolutionary Computation,1530-9304,3,0
Fuzzy Optimization and Decision Making,1573-2908,3,0
IEEE Transactions on Cybernetics,2168-2275,3,0
"IEEE Transactions on Systems, Man, and Cybernetics: Systems",2168-2232,3,0
IISE Transactions,,3,
INFORMS Journal on Computing,1526-5528,3,0
International Journal of Forecasting,1872-8200,3,0
Journal of Heuristics,1572-9397,3,0
Journal of Optimization Theory and Applications,1573-2878,3,0
Journal of the Operational Research Society,1476-9360,3,0
Mathematics of Operations Research,1526-5471,3,0
Naval Research Logistics,1520-6750,3,0
Omega,1873-5274,3,0
OR Spectrum,1436-6304,3,0
Reliability Engineering and System Safety,1879-0836,3,0
SIAM Journal on Optimization,1095-7189,3,0
Transportation Science,1526-5447,3,0
4OR,1614-2411,2,0
Discrete Applied Mathematics,1872-6771,2,0
Discrete Optimization,1873-636X,2,0
Engineering Optimization,1029-0273,2,0
EURO Journal on Computational Optimization,,2,
EURO Journal on Transportation and Logistics,,2,
European Journal of Industrial Engineering,1751-5262,2,0
Group Decision and Negotiation,1572-9907,2,0
IMA Journal of Management Mathematics,1471-6798,2,0
INFORMS Journal on Applied Analytics,,2,
International Journal of Systems Science: Operations & Logistics,,2,
Journal of Combinatorial Optimization,1573-2886,2,0
Journal of Forecasting,1099-131X,2,0
Journal of Global Optimization,1573-2916,2,0
Journal of Management Analytics,,2,
Journal of Simulation,1747-7786,2,0
Operations Research Letters,1872-7468,2,0
Queueing Systems,1572-9443,2,0
Simulation Modelling Practice and Theory,1878-1462,2,0
Socio-Economic Planning Sciences,0038-0121,2,0
System Dynamics Review,1099-1727,2,0
Systems Research and Behavioral Science,1099-1743,2,0
Theory and Decision,1573-7187,2,0
Asia-Pacific Journal of Operational Research,1793-7019,1,0
Central European Journal of Operations Research,1613-9178,1,0
Computational Management Science,1619-6988,1,0
Cybernetics and Systems,1087-6553,1,0
Decision Analysis,1545-8504,1,0
EURO Journal on Decision Processes,,1,
INFOR: Information Systems and Operational Research,,1,
International Journal of Applied Decision Sciences,,1,
International Journal of General Systems,1563-5104,1,0
International Journal of Mathematics in Operational Research,1757-5869,1,0
International Journal of Operational Research,1745-7653,1,0
International Journal of Operations and Quantitative Management,1082-1910,1,0
International Transactions in Operational Research,1475-3995,1,0
Journal of Business Analytics,,1,
Journal of Industrial and Management Optimization,1553-166X,1,0
Journal of Modelling in Management,1746-5672,1,0
Journal of Multi-Criteria Decision Analysis,1099-1360,1,0
Kybernetes,1758-7883,1,0
Mathematical Methods of Operations Research,1432-5217,1,0
Operational Research,1866-1505,1,0
OPSEARCH,0975-0320,1,0
Optimization,1029-4945,1,0
Pacific Journal of Optimization,1349-8169,1,0
Pesquisa Operacional,0101-7438,1,0
RAIRO - Operations Research SIMULATION: Transactions of The Society for Modeling and Simulation,,1,
TOP,1863-8279,1,0
Organization Science,1526-5455,4*,1
Human Relations,1741-282X,4,0
Leadership Quarterly,1873-3409,4,0
Organization Studies,1741-3044,4,0
Organizational Research Methods,1552-7425,4,0
Group and Organization Management,1552-3993,3,0
Organization,1461-7323,3,0
Organization and Environment,1552-7417,3,0
Organizational Dynamics,1873-3530,3,0
Research in Organizational Behavior,0191-3085,3,0
Research in the Sociology of Organizations,0733-558X,3,0
Culture and Organization,1477-2760,2,0
Group Processes and Intergroup Relations,1461-7188,2,0
Journal of Co-operative Organization and Management,,2,
Journal of Knowledge Management,1758-7484,2,0
Journal of Organizational Behavior Management,1540-8604,2,0
Journal of Organizational Change Management,1758-7816,2,0
Journal of Professions and Organization,2051-8811,2,0
Leadership,1742-7169,2,0
Management Communication Quarterly,1552-6798,2,0
Negotiation Journal,1571-9979,2,0
Symbolic Interaction,1533-8665,2,0
Systemic Practice and Action Research,1573-9295,2,0
The Journal of Applied Behavioral Science,1552-6879,2,0
Action Research,1741-2617,1,0
Computational and Mathematical Organization Theory,,1,
Ephemera: Critical Dialogues on Organization,1473-2866,1,0
International Journal of Knowledge Management Studies,1743-8276,1,0
International Journal of Organization Theory and Behavior,1093-4537,1,0
International Journal of Organizational Analysis,1934-8835,1,0
International Journal of Project Organisation and Management,1740-2905,1,0
Journal of Organizational Ethnography,2046-6757,1,0
Leadership and Organization Development Journal,1472-5347,1,0
Learning Organization,0969-6474,1,0
Network Science,2050-1250,1,0
Organizations and Markets in Emerging Economies,2345-0037,1,0
Qualitative Research in Organizations and Management,1746-5656,1,0
Tamara: Journal for Critical Organization Inquiry,1545-6420,1,0
Psychological Science,1467-9280,4*,1
Annual Review of Psychology,1545-2085,4,0
Behavioral and Brain Sciences,1469-1825,4,0
Cognition,1873-7838,4,0
Current Directions in Psychological Science,1467-8721,4,0
Journal of Experimental Psychology: Applied,1939-2192,4,0
Journal of Experimental Psychology: General,1939-2222,4,0
Journal of Experimental Social Psychology,1096-0465,4,0
Journal of Personality and Social Psychology,1939-1315,4,0
Nature Human Behaviour,,4,
Personality and Social Psychology Bulletin,1552-7433,4,0
Psychological Bulletin,1939-1455,4,0
Psychological Review,1939-1471,4,0
British Journal of Psychology,2044-8295,3,0
British Journal of Social Psychology,2044-8309,3,0
Cognitive Science,1551-6709,3,0
European Journal of Social Psychology,1099-0992,3,0
Journal of Behavioral Decision Making,1099-0771,3,0
Journal of Conflict Resolution,1552-8766,3,0
Journal of Cross-Cultural Psychology,1552-5422,3,0
Journal of Environmental Psychology,,3,
Journal of Experimental Psychology: Learning Memory and Cognition,1939-1285,3,0
Journal of Mathematical Psychology,1096-0880,3,0
Journal of Personality,,3,
Judgment and Decision Making,1930-2975,3,0
Personality and Individual Differences,1873-3549,3,0
Psychological Research,1430-2772,3,0
Psychology of Women Quarterly,1471-6402,3,0
Psychometrika,1860-0980,3,0
Quarterly Journal of Experimental Psychology,1747-0226,3,0
Social Psychological and Personality Science,1948-5514,3,0
Stress and Health,1532-2998,3,0
Advances in Methods and Practices in Psychological Science (AMPPS),,2,
Applied Cognitive Psychology,1099-0720,2,0
Cognitive Research: Principles and Implications,2365-7464,2,0
Collabra: Psychology,,2,
Creativity Research Journal,1532-6934,2,0
Decision,2325-9973,2,0
European Journal of Psychological Assessment,,2,
Journal of Cognitive Engineering and Decision Making,2169-5032,2,0
Journal of Community Psychology,1520-6629,2,0
Journal of Economic Psychology,1872-7719,2,0
Journal of Language and Social Psychology,1552-6526,2,0
Journal of Nonverbal Behavior,1573-3653,2,0
Scandinavian Journal of Psychology,1467-9450,2,0
Zeitschrift fur Psychologie / Journal of Psychology,2151-2604,2,0
American Behavioral Scientist,1552-3381,1,0
American Journal of Psychology,1939-8298,1,0
Australian Journal of Psychology,1742-9536,1,0
Basic and Applied Social Psychology,1532-4834,1,0
Canadian Journal of Behavioural Science,1879-2669,1,0
Canadian Psychology,1878-7304,1,0
Current Psychology,1936-4733,1,0
European Journal of Psychology Open,,1,
European Psychologist,1878-531X,1,0
International Journal of Intercultural Relations,1873-7552,1,0
International Journal of Psychology,1464-066X,1,0
Japanese Psychological Research,1468-5884,1,0
Journal of Constructivist Psychology,1521-0650,1,0
Journal of Happiness Studies,1573-7780,1,0
Journal of Pacific Rim Psychology,1834-4909,1,0
Journal of Positive Psychology,1743-9779,1,0
Journal of Social Psychology,1940-1183,1,0
Nordic Psychology,1904-0016,1,0
Psicothema,1886-144X,1,0
Psihologija,1451-9283,1,0
Psychological Reports,1558-691X,1,0
Psychologist,0952-8229,1,0
Social Justice Research,1573-6725,1,0
South African Journal of Psychology,2078-208X,1,0
Spanish Journal of Psychology,1988-2904,1,0
The Journal of Psychology,,1,
Journal of Applied Psychology,1939-1854,4*,1
Personnel Psychology,1744-6570,4*,1
Journal of Occupational and Organizational Psychology,2044-8325,4,0
Journal of Occupational Health Psychology,1939-1307,4,0
Journal of Organizational Behavior,1099-1379,4,0
Journal of Vocational Behavior,1095-9084,4,0
Organizational Behavior and Human Decision Processes,1095-9920,4,1
Work and Stress,1464-5335,4,0
Accident Analysis and Prevention,1879-2057,3,0
Applied Ergonomics,1872-9126,3,0
Applied Psychology,1464-0597,3,0
Ergonomics,1366-5847,3,0
European Journal of Work and Organizational Psychology,1464-0643,3,0
Human Factors,1547-8181,3,0
Human Performance,1532-7043,3,0
International Journal of Rehabilitation Research,1473-5660,3,0
Journal of Business and Psychology,1573-353X,3,0
Journal of Managerial Psychology,1758-7778,3,0
Journal of School Psychology,1873-3506,3,0
Occupational and Environmental Medicine,1470-7926,3,0
"Scandinavian Journal of Work, Environment and Health",1795-990X,3,0
Applied Psychological Measurement,1552-3497,2,0
Applied Psychology: Health and Well-Being,1758-0854,2,0
"Cognition, Technology and Work",1435-5566,2,0
Group Dynamics,1930-7802,2,0
International Archives of Occupational and Environmental Health,1432-1246,2,0
International Journal of Industrial Ergonomics,1872-8219,2,0
International Journal of Selection and Assessment,1468-2389,2,0
International Journal of Stress Management,1573-3424,2,0
Journal of Applied Social Psychology,1559-1816,2,0
Journal of Career Assessment,1552-4590,2,0
Journal of Occupational and Environmental Medicine,1536-5948,2,0
Journal of Occupational Rehabilitation,1573-3688,2,0
Journal of Personnel Psychology,2190-5150,2,0
Journal of Safety Research,1879-1247,2,0
Organizational Psychology Review,2041-3874,2,0
Rehabilitation Psychology,1939-1544,2,0
Small Group Research,1552-8278,2,0
"Community, Work and Family",1469-3615,1,0
Disability and Rehabilitation,1464-5165,1,0
European Work and Organizational Psychology in practice,1736-6399,1,0
Gedrag en Organisatie,1875-7235,1,0
Human Factors and Ergonomics In Manufacturing,1520-6564,1,0
IISE Transactions on Occupational Ergonomics and Human Factors,,1,
Industrial and Organizational Psychology,1754-9434,1,0
International Coaching Psychology Review,,1,
International Journal for Educational and Vocational Guidance,1573-1782,1,0
International Journal of Occupational Safety and Ergonomics,2376-9130,1,0
International Journal of Workplace Health Management,,1,
International Negotiation,1571-8069,1,0
Journal of Career Development,1573-3548,1,0
Journal of Employment Counseling,2161-1920,1,0
Journal of Rehabilitation,1607-2960,1,0
Military Psychology,1532-7876,1,0
Occupational Medicine,1471-8405,1,0
Psychologie du Travail et des Organisations,1420-2530,1,0
Psychologist-Manager Journal,1550-3461,1,0
Rehabilitation Counseling Bulletin,1538-4853,1,0
Research in Occupational Stress and Well Being,1479-3555,1,0
Revue Europeenne de Psychologie Appliquee,1162-9088,1,0
Social Work in Public Health,1937-190X,1,0
South African Journal of Industrial Psychology,2071-0763,1,0
"Sport, Exercise, and Performance Psychology",2157-3913,1,0
The International Journal of Aerospace Psychology,2472-1832,1,0
"TPM - Testing, Psychometrics, Methodology in Applied Psychology",1972-6325,1,0
Work,1875-9270,1,0
Zeitschrift fur Arbeits- und Organisationspsychologie,2190-6246,1,0
Public Administration Review,1540-6210,4*,0
Governance,1468-0491,4,0
Journal of Public Administration Research and Theory,1477-9803,4,0
Public Administration,1467-9299,4,0
Public Management Review,1471-9045,4,0
American Review of Public Administration,1552-3357,3,0
Environment and Planning C: Politics and Space,,3,
Health Services Research,1475-6773,3,0
International Public Management Journal,1559-3169,3,0
International Review of Administrative Sciences,1461-7226,3,0
Journal of European Public Policy,1466-4429,3,0
Journal of Policy Analysis and Management,1520-6688,3,0
Milbank Quarterly,1468-0009,3,0
Policy and Politics,1470-8442,3,0
Policy Studies Journal,,3,
Regulation and Governance,1748-5991,3,0
Administration and Society,1552-3039,2,0
Australian Journal of Public Administration,1467-8500,2,0
Educational Management Administration and Leadership,1741-1440,2,0
Evidence and Policy,1744-2656,2,0
Health Care Management Review,1550-5030,2,0
Health Care Management Science,1572-9389,2,0
Health Policy,1872-6054,2,0
International Journal of Emergency Services,2047-0908,2,0
International Journal of Public Administration,1532-4265,2,0
Journal of Health Services Research and Policy,1758-1060,2,0
Journal of Public Policy,,2,
Local Government Studies,1743-9388,2,0
Perspectives on Public Management & Governance,2398-4929,2,0
Policing,1758-695X,2,0
Policy Design and Practice,,2,
Policy Studies,1470-1006,2,0
Public Administration and Development,1099-162X,2,0
Public Integrity,1558-0989,2,0
Public Money and Management,1467-9302,2,0
Public Organization Review,1573-7098,2,0
Public Performance & Management Review,1557-9271,2,0
Public Personnel Management,1945-7421,2,0
Public Policy and Administration,1749-4192,2,0
Review of Policy Research,,2,
Review of Public Personnel Administration,1552-759X,2,0
Social Policy and Administration,1467-9515,2,0
State Politics and Policy Quarterly,,2,
"Transforming Government: People, Process and Policy",1750-6166,2,0
Administrative Theory and Praxis,1949-0461,1,0
Asia and the Pacific Policy Studies,,1,
Asia Pacific Journal of Public Administration Brazilian Journal of Public Administration (Revista de Administração Pública,,1,
British Journal of Health Care Management,1358-0574,1,0
Canadian Public Administration,,1,
Canadian Public Policy/Analyse de politiques,,1,
Health Services Management Research,1758-1044,1,0
International Journal of Educational Management,0951-354X,1,0
International Journal of Health Care Quality Assurance,0952-6862,1,0
International Journal of Health Governance,2059-464X,1,0
International Journal of Healthcare Technology and Management,1741-5144,1,0
International Journal of Public Leadership,,1,
International Journal of Public Sector Management,0951-3558,1,0
International Review of Public Administration,2331-7795,1,0
Journal of Asian Public Policy,,1,
Journal of Comparative Policy Analysis,,1,
Journal of Health Organization and Management,1758-7247,1,0
Journal of Public Affairs,1479-1854,1,0
Journal of Public Affairs Education,2328-9643,1,0
Leadership in Health Services,1751-1887,1,0
Policing: A journal of policy and practice,,1,
Public Administration Quarterly,0734-9149,1,0
Public Works Management and Policy,,1,
State and Local Government Review,,1,
Teaching Public Administration,2047-8720,1,0
Voluntary Sector Review,,1,
AmNicD G EeNoVgIrRaOphNyMENT,,4,
Al NofD E EcNonVoIRmOicN GMeEoNgrTaphy,,4,
nAaNl DSt EuNdiVeIsRONMENT,,4,
"rAidNgDe EJoNuVrInRaOl oNfM ReEgNiTons, Economy and Society",,3,
AnNmDe nEtN aVnIdR OPlNaMnnEinNgT A,,3,
eAaNnD U ErNbaVnIR aOnNd MReEgNioTnal Studies,,3,
lA ENnDv iEroNnVmIReOntNaMl CEhNaTnge,,3,
Al NofD R EeNgVioInRaOl NScMieEnNceT,,3,
Al NofD R EuNraVl ISRtOudNiMesENT,,3,
sA iNnD R eEgNiVonIRaOl SNcMienEcNeT,,3,
nAaNl DSc EieNnVcIeR aOnNdM UErbNaTn Economics,,3,
A SNtuDd EieNsVIRONMENT,,3,
sA oNfD R EeNgiVoInRaOl SNcMieEnNceT,,2,
AND ENVIRONMENT,,2,
rAuNctDio EnN MVaIRnOagNeMmEeNnTt and Economics,,2,
eAaNnD P ElaNnVnIiRnOg NStMudEiNesT,,2,
Ah NaDnd E CNhVaInRgOeNMENT,,2,
AatNioDn EaNl JVoIuRrOnaNl MofE UNrTban and Regional Research,,2,
Al NofD P ElaNcVeI MROaNnMagEeNmTent and Development,,2,
EAcNoDno EmNyVIRONMENT,,2,
APlNaDnn EinNgV RIReOviNeMwENT,,2,
nA NEvDa EluNaVtiIoRnO JNoMurnEaNlT,,1,
E AnvNiDro EnNmVeInRtO PNroMjeEcNt aTnd Asset Management,,1,
rAaNteD S EoNcViaIlR ROeNspMonEsNibTility and Environmental Management,,1,
AatNioDn EaNl JVoIuRrOnaNl MofE ENnTergy Sector Management,,1,
AatNioDn EaNl JVoIuRrOnaNl MofE HNoTusing Markets and Analysis,,1,
Al NofD C EoNrpVoIrRaOteN RMeEaNl ETstate,,1,
Al NofD E EuNroVpIeRaOnN RMeaElN ETstate Research,,1,
Al NofD F EinNaVnIcRiaOl NMMaEnNagTement of Property and Construction,,1,
Al NofD G EeNoVgIrRaOphNicMalE SNyTstems,,1,
sA iNnD S pEaNtViaIlR aOnNdM ReEsNoTurce Sciences,,1,
nAaNl Dan EdN FVeIdReOrNalM StEuNdTies,,1,
Annals of Tourism Research,1873-7722,4,0
Journal of Service Research,1552-7379,4,0
Journal of Travel Research,1552-6763,4,0
Tourism Management,1879-3193,4,0
"Transportation Research, Series B: Methodological",1879-2367,4,0
Energy Journal,1944-9089,3,0
European Sport Management Quarterly,1746-031X,3,0
Food Policy,1873-5657,3,0
International Journal of Contemporary Hospitality Management,1757-1049,3,0
International Journal of Hospitality Management,1873-4693,3,0
Journal of Sustainable Tourism,1747-7646,3,0
Nonprofit and Voluntary Sector Quarterly,1552-7395,3,0
"Transportation Research, Part A: Policy and Practice",1879-2375,3,0
"Transportation Research, Part D: Transport and Environment",1879-2340,3,0
"Transportation Research, Part E: Logistics and Transportation Review",1878-5794,3,0
Annals of Leisure Research,2159-6816,2,0
Building Research and Information,1466-4321,2,0
Cornell Hospitality Quarterly,1938-9663,2,0
Current Issues in Tourism,1747-7603,2,0
Energy Policy,1873-6777,2,0
Environmental Management,1432-1009,2,0
Event Management,1525-9951,2,0
Hospitality and Society,2042-7921,2,0
International Journal of Strategic Property Management,1648-9179,2,0
International Journal of Tourism Research,1522-1970,2,0
Journal of Hospitality and Tourism Management,1839-5260,2,0
Journal of Hospitality and Tourism Research,1557-7554,2,0
Journal of Management in Engineering - ASCE,1943-5479,2,0
Journal of Service Management,1757-5826,2,0
Journal of Sport Management,1543-270X,2,0
Journal of Sports Economics,1552-7794,2,0
Journal of Transport Geography,1873-1236,2,0
Journal of Travel and Tourism Marketing,1540-7306,2,0
Leisure Sciences,1521-0588,2,0
Leisure Studies,1466-4496,2,0
Marine Policy,1872-9460,2,0
Maritime Policy and Management,1464-5254,2,0
Museum Management and Curatorship,1872-9185,2,0
Scandinavian Journal of Hospitality and Tourism,1502-2269,2,0
Service Industries Journal,1743-9507,2,0
Sport Management Review,1839-2083,2,0
Tourism Analysis,1943-3999,2,0
Tourism Economics,2044-0375,2,0
Tourism Geographies,1470-1340,2,0
Tourism Management Perspectives,2211-9744,2,0
Tourism Planning and Development,2156-8324,2,0
Tourism Recreation Research,2320-0308,2,0
Transport Policy,1879-310X,2,0
Transport Reviews,1464-5327,2,0
Transportation,1572-9435,2,0
Voluntas,1573-7888,2,0
Advances in Hospitality and Leisure,1745-3542,1,0
Anatolia: An International Journal of Tourism and Hospitality Research,2156-6909,1,0
Asia Pacific Journal of Tourism Research,1741-6507,1,0
British Food Journal,1758-4108,1,0
"Digital Policy, Regulation and Governance",2398-5038,1,0
"Engineering, Construction and Architectural Management",1365-232X,1,0
Facilities,0263-2772,1,0
International Hospitality Review,2516-8142,1,0
"International Journal of Culture, Tourism and Hospitality Research",1750-6182,1,0
International Journal of Event and Festival Management,1758-2962,1,0
International Journal of Heritage Studies,1470-3610,1,0
International Journal of Hospitality and Tourism Administration,1525-6499,1,0
International Journal of Sport and Society,2152-7865,1,0
International Journal of Sport Finance,1930-076X,1,0
International Journal of Sport Management,1546-234X,1,0
International Journal of Sport Management and Marketing,1740-2808,1,0
International Journal of Sport Policy and Politics,1940-6959,1,0
International Journal of Sports Marketing and Sponsorship,1464-6668,1,0
Journal of China Tourism Research,1938-8179,1,0
Journal of Cleaner Production,1879-1786,1,0
Journal of Convention and Event Tourism,1547-0156,1,0
Journal of Destination Marketing and Management,2212-571X,1,0
Journal of Ecotourism,1747-7638,1,0
Journal of Foodservice Business Research,1537-8039,1,0
Journal of Heritage Tourism,,1,
Journal of Hospitality and Tourism Education,2325-6540,1,0
Journal of Hospitality and Tourism Technology,1757-9899,1,0
Journal of Hospitality Marketing and Management,1936-8631,1,0
"Journal of Hospitality, Leisure, Sport and Tourism Education",1473-8376,1,0
Journal of Human Resources in Hospitality and Tourism,1533-2853,1,0
Journal of Media Business Studies,1652-2354,1,0
Journal of Outdoor Recreation and Tourism,2213-0799,1,0
"Journal of Policy Research in Tourism, Leisure and Events",1940-7971,1,0
Journal of Quality Assurance in Hospitality and Tourism,1528-008X,1,0
Journal of Sport and Tourism,1029-5399,1,0
Journal of the Textile Institute,1754-2340,1,0
Journal of Transport Economics and Policy,1754-5951,1,0
Journal of Vacation Marketing,1479-1870,1,0
Managing Leisure: An International Journal,2375-0480,1,0
Marine Resource Economics,2334-5985,1,0
Maritime Economics and Logistics,1479-294X,1,0
Non-Profit Management & Leadership,1542-7854,1,0
Nutrition and Food Science,0034-6659,1,0
PASOS Journal of Tourism and Cultural Heritage,1695-7121,1,0
Property Management,0263-7472,1,0
Service Business,1862-8508,1,0
Sport Marketing Quarterly,1557-2528,1,0
"Sport, Business and Management: An International Journal",2042-6798,1,0
Telecommunications Policy,1879-3258,1,0
Tourism Review,1759-8451,1,0
"Tourism, Culture and Communication",1098-304X,1,0
Tourism: An International Interdisciplinary Journal,,1,
Tourist Studies,1741-3206,1,0
Utilities Policy,1878-4356,1,0
Visitor Studies,1934-7715,1,0
World Leisure Journal,2333-4509,1,0
Worldwide Hospitality and Tourism Themes,1755-4225,1,0
American Journal of Political Science,,4*,
American Journal of Sociology,1537-5390,4*,0
American Political Science Review,,4*,
American Sociological Review,1939-8271,4*,1
Annual Review of Sociology,1545-2115,4*,0
Environment and Planning D: Society and Space,1472-3433,4,0
International Organization,,4,
International Studies Quarterly,,4,
Journal of Politics,,4,
Risk Analysis,1539-6924,4,0
Social Science and Medicine,1873-5347,4,0
Socio-Economic Review,1475-147X,4,0
Sociology,1469-8684,4,0
Antipode,1467-8330,3,0
British Journal of Sociology,1468-4446,3,0
Business Strategy and the Environment,1099-0836,3,0
Development and Change,1467-7660,3,0
Economy and Society,1469-5766,3,0
Electoral Studies,1873-6890,3,0
Environmental Science & Technology,1520-5851,3,0
Environmental Science and Policy,1873-6416,3,0
European Sociological Review,1468-2672,3,0
Global Networks,1471-0374,3,0
Industrial and Corporate Change,1464-3650,3,0
Journal of Cultural Economy,1753-0369,3,0
Journal of Development Studies,1743-9140,3,0
Journal of European Social Policy,1461-7269,3,0
Journal of Social Policy,1469-7823,3,0
New Political Economy,1469-9923,3,0
Politics and Society,1552-7514,3,0
Progress in Human Geography,1477-0288,3,0
Public Opinion Quarterly,1537-5331,3,0
Quarterly Journal of Political Science,1554-0634,3,0
Research in Social Stratification and Mobility,,3,
Review of International Political Economy,1466-4526,3,0
Social Forces,1534-7605,3,0
Social Science Research,,3,
Sociological Methodology,1467-9531,3,0
Sociological Review,1467-954X,3,0
Sociology of Health and Illness,1467-9566,3,0
"Theory, Culture and Society",1460-3616,3,0
West European Politics,1743-9655,3,0
World Development,0305-750X,3,0
American Journal of Economics and Sociology,1536-7150,2,0
Capital and Class,0309-8168,2,0
Critical Social Policy,1461-703X,2,0
Current Sociology,1461-7064,2,0
Futures,1873-6378,2,0
Geoforum,1872-9398,2,0
Habitat International,,2,
Human Organization,1938-3525,2,0
Information Communication and Society,1468-4462,2,0
International Journal of Development Issues,1758-8553,2,0
International Journal of Green Energy,1543-5083,2,0
International Sociology,1461-7242,2,0
Journal of Business Law,0021-9460,2,0
Journal of Consumer Policy,1573-0700,2,0
Journal of Ethnic and Migration Studies,1469-9451,2,0
Journal of Industrial Ecology,1530-9290,2,0
Journal of Law and Society,1467-6478,2,0
Journal of Risk Research,1466-4461,2,0
Kyklos,1467-6435,2,0
Land Use Policy,,2,
Parliamentary Affairs,1460-2482,2,0
Political Quarterly,1467-923X,2,0
Political Studies,1467-9248,2,0
Research Evaluation,1471-5449,2,0
Review of Social Economy,1470-1162,2,0
Safety Science,,2,
Science and Public Policy,1471-5430,2,0
Science and Society,1943-2801,2,0
"Science, Technology and Society",0973-0796,2,0
Social Networks,1879-2111,2,0
Society and Business Review,1746-5699,2,0
Technology in Society,,2,
Time and Society,1461-7463,2,0
Area,1475-4762,1,0
Arts and the Market,,1,
Asia Europe Journal,1612-1031,1,0
China Report,,1,
Contemporary Education Dialogue,,1,
Environmental Economics,1998-605X,1,0
Ethnic and Racial Studies,1466-4356,1,0
Evaluation Review,,1,
Geographical Journal,1475-4959,1,0
"Geopolitics under Globalization Gosudarstvo, Religiia, Tserkov' v Rossii i za Rubezhom / State, Religion",,1,
"International Journal of Law, Crime and Justice",1756-0616,1,0
International Journal of Sociology and Social Policy,1758-6720,1,0
International Journal of Tourism Policy,,1,
International Migration Review,1747-7379,1,0
Journal of Asian Security and International Affairs,,1,
Journal of Globalization and Development,2194-6353,1,0
Journal of Humanities and Applied Social Sciences,,1,
Journal of International Studies,2306-3483,1,0
Journal of Leadership Studies,1935-262X,1,0
Journal of Studies in International Education,1552-7808,1,0
Journal of Trust Research,2151-559X,1,0
Management of Environmental Quality,1477-7835,1,0
Millennial Asia,,1,
Négociations,1780-9231,1,0
Philosophy of Management,,1,
Policy Sciences,1573-0891,1,0
Population Studies,1477-4747,1,0
Progress in Development Studies,,1,
Review of European Studies,1918-7181,1,0
Revista Produção e Desenvolvimento,,1,
"She Ji: The Journal of Design, Economics, and Innovation",,1,
Studies in Indian Politics,2321-7472,1,0
Sustainable Futures,,1,
The International Journal of Community and Social Development,,1,
Transactions of the Institute of British Geographers,1475-5661,1,0
Valuation Studies Z'GuG Zeitschrift für Gemeinwirtschaft und Gemeinwohl - Journal of Social,,1,
Strategic Management Journal,1097-0266,4*,1
Global Strategy Journal,2042-5805,4,0
Long Range Planning,1873-1872,4,0
Strategic Organization,1741-315X,3,0
Strategy Science,,3,
Advances in Strategic Management,0742-3322,2,0
European Journal of Management and Business Economics,,2,
Journal of Competitiveness,,2,
Journal of Economics and Management Strategy,1530-9134,2,0
Journal of Organization Design,2245-408X,2,0
Strategic Change,1099-1697,2,0
Technology Analysis and Strategic Management,1465-3990,2,0
Central European Management Journal,,1,
Foresight,1465-9832,1,0
International Journal of Strategic Decision Sciences,1947-8577,1,0
Journal of Advances in Management Research,,1,
Journal of Business Models,2246-2465,1,0
Journal of Business Strategy,0275-6668,1,0
Journal of Change Management,1479-1811,1,0
Journal of Facilities Management,,1,
Journal of Strategic Contracting and Negotiation,2055-5644,1,0
Journal of Strategy and Management,1755-4268,1,0
M@n@gement,1286-4692,1,0
Management Review Quarterly,2198-1639,1,0
Negotiation and Conflict Management Research,,1,
Revista Brasileira de Gestão de Negócios,,1,
Strategy and Leadership,1087-8572,1,0
